Simba,/lyrics/jcole/simba.html
I'm The Man,/lyrics/jcole/imtheman.html
School Daze,/lyrics/jcole/schooldaze.html
Dolla And A Dream,/lyrics/jcole/dollaandadream.html
Throw It Up,/lyrics/jcole/throwitup.html
Quote Me,/lyrics/jcole/quoteme.html
College Boy,/lyrics/jcole/collegeboy.html
Split You Up,/lyrics/jcole/splityouup.html
Plain,/lyrics/jcole/plain.html
The Come Up,/lyrics/jcole/thecomeup.html
Mighty Crazy,/lyrics/jcole/mightycrazy.html
Dead Presidents,/lyrics/jcole/deadpresidents.html
Lil Ghetto Nigga,/lyrics/jcole/lilghettonigga.html
Homecoming,/lyrics/jcole/homecoming.html
Carolina On My Mind,/lyrics/jcole/carolinaonmymind.html
Can't Cry,/lyrics/jcole/cantcry.html
Goin' Off,/lyrics/jcole/goinoff.html
Rags To Riches (At The Beep),/lyrics/jcole/ragstorichesatthebeep.html
Get It,/lyrics/jcole/getit.html
I Do My Thing,/lyrics/jcole/idomything.html
Welcome,/lyrics/jcole/welcome.html
Can I Live,/lyrics/jcole/canilive.html
Grown Simba,/lyrics/jcole/grownsimba.html
Just To Get By,/lyrics/jcole/justtogetby.html
Lights Please,/lyrics/jcole/lightsplease.html
Dead Presidents II,/lyrics/jcole/deadpresidentsii.html
I Get Up,/lyrics/jcole/igetup.html
World Is Empty,/lyrics/jcole/worldisempty.html
Dreams,/lyrics/jcole/dreams.html
Royal Flush,/lyrics/jcole/royalflush.html
Dollar And A Dream II,/lyrics/jcole/dollarandadreamii.html
Water Break (Interlude),/lyrics/jcole/waterbreakinterlude.html
Heartache,/lyrics/jcole/heartache.html
Get Away,/lyrics/jcole/getaway.html
Knock Knock,/lyrics/jcole/knockknock.html
Ladies,/lyrics/jcole/ladies.html
Til' Infinity,/lyrics/jcole/tilinfinity.html
The Badness,/lyrics/jcole/thebadness.html
Hold It Down,/lyrics/jcole/holditdown.html
Last Call,/lyrics/jcole/lastcall.html
Losing My Balance(Bonus Track),/lyrics/jcole/losingmybalance.html
Too Deep For The Intro,/lyrics/jcole/toodeepfortheintro.html
Before I'm Gone,/lyrics/jcole/beforeimgone.html
Back To The Topic,/lyrics/jcole/backtothetopic.html
You Got It,/lyrics/jcole/yougotit.html
Villematic,/lyrics/jcole/villematic.html
Enchanted,/lyrics/jcole/enchanted.html
Blow Up,/lyrics/jcole/blowup.html
Higher,/lyrics/jcole/higher.html
In The Morning,/lyrics/jcole/inthemorning.html
2face,/lyrics/jcole/2face.html
The Autograph,/lyrics/jcole/theautograph.html
Best Friend,/lyrics/jcole/bestfriend.html
Cost Me A Lot,/lyrics/jcole/costmealot.html
Premeditated Murder,/lyrics/jcole/premeditatedmurder.html
Home For The Holidays,/lyrics/jcole/homefortheholidays.html
Love Me Not,/lyrics/jcole/lovemenot.html
See World,/lyrics/jcole/seeworld.html
Farewell,/lyrics/jcole/farewell.html
Looking For Trouble(Kanye West feat. J. Cole & others),https://www.azlyrics.com/lyrics/kanyewest/lookingfortrouble.html
How High,/lyrics/jcole/howhigh.html
Fitted Cap,/lyrics/jcole/fittedcap.html
See It To Believe It,/lyrics/jcole/seeittobelieveit.html
Disgusting,/lyrics/jcole/disgusting.html
Trouble,https://www.azlyrics.com/lyrics/beimaejor/trouble.html
"The Good Son, Part 1",/lyrics/jcole/thegoodsonpart1.html
Killers,/lyrics/jcole/killers.html
Nothing Like It,/lyrics/jcole/nothinglikeit.html
Holdin' Me Back,/lyrics/jcole/holdinmeback.html
Wildfire,/lyrics/jcole/wildfire.html
Return Of Simba,/lyrics/jcole/returnofsimba.html
Like A Star,/lyrics/jcole/likeastar.html
Knock On Wood (Freestyle),/lyrics/jcole/knockonwoodfreestyle.html
Pity,/lyrics/jcole/pity.html
How High,/lyrics/jcole/howhigh.html
Unabomber,/lyrics/jcole/unabomber.html
Bring Em In,/lyrics/jcole/bringemin.html
Roll Call,/lyrics/jcole/rollcall.html
Be (Freestyle),/lyrics/jcole/befreestyle.html
Heavy,/lyrics/jcole/heavy.html
Neverland,/lyrics/jcole/neverland.html
Intro,/lyrics/jcole/intro.html
Dollar And A Dream III,/lyrics/jcole/dollarandadreamiii.html
Can't Get Enough,/lyrics/jcole/cantgetenough.html
Lights Please,/lyrics/jcole/lightsplease.html
Interlude,/lyrics/jcole/interlude.html
Sideline Story,/lyrics/jcole/sidelinestory.html
Mr. Nice Watch,/lyrics/jcole/mrnicewatch.html
Cole World,/lyrics/jcole/coleworld.html
In The Morning,/lyrics/jcole/inthemorning.html
Lost Ones,/lyrics/jcole/lostones.html
Nobody's Perfect,/lyrics/jcole/nobodysperfect.html
Never Told,/lyrics/jcole/nevertold.html
Rise And Shine,/lyrics/jcole/riseandshine.html
God's Gift,/lyrics/jcole/godsgift.html
Breakdown,/lyrics/jcole/breakdown.html
Work Out(Bonus Track),/lyrics/jcole/workout.html
Who Dat?(iTunes Bonus Track),/lyrics/jcole/whodat.html
Daddy's Little Girl(iTunes Bonus Track),/lyrics/jcole/daddyslittlegirl.html
Can I Holla At Ya,/lyrics/jcole/canihollaatya.html
Crunch Time,/lyrics/jcole/crunchtime.html
Rise Above,/lyrics/jcole/riseabove.html
Tears For ODB,/lyrics/jcole/tearsforodb.html
Stay (2009),/lyrics/jcole/stay2009.html
Cole Summer,/lyrics/jcole/colesummer.html
Kenny Lofton,/lyrics/jcole/kennylofton.html
Chris Tucker,/lyrics/jcole/christucker.html
Head Bussa,/lyrics/jcole/headbussa.html
Cousins,/lyrics/jcole/cousins.html
3 Wishes,/lyrics/jcole/3wishes.html
Villuminati,/lyrics/jcole/villuminati.html
Kerney Sermon (Skit),/lyrics/jcole/kerneysermonskit.html
Land Of The Snakes,/lyrics/jcole/landofthesnakes.html
Power Trip,/lyrics/jcole/powertrip.html
Mo Money (Interlude),/lyrics/jcole/momoneyinterlude.html
Trouble,/lyrics/jcole/trouble307324.html
Runaway,/lyrics/jcole/runaway.html
She Knows,/lyrics/jcole/sheknows.html
Rich Niggaz,/lyrics/jcole/richniggaz.html
Where's Jermaine? (Skit),/lyrics/jcole/wheresjermaineskit.html
Forbidden Fruit,/lyrics/jcole/forbiddenfruit.html
Chaining Day,/lyrics/jcole/chainingday.html
Ain't That Some Shit (Interlude),/lyrics/jcole/aintthatsomeshitinterlude.html
Crooked Smile,/lyrics/jcole/crookedsmile.html
Let Nas Down,/lyrics/jcole/letnasdown.html
Born Sinner,/lyrics/jcole/bornsinner.html
Miss America(Deluxe Edition Bonus Track),/lyrics/jcole/missamerica.html
New York Times(Deluxe Edition Bonus Track),/lyrics/jcole/newyorktimes.html
Is She Gon Pop(Deluxe Edition Bonus Track),/lyrics/jcole/isshegonpop.html
Niggaz Know(Deluxe Edition Bonus Track),/lyrics/jcole/niggazknow.html
Sparks Will Fly(Deluxe Edition Bonus Track),/lyrics/jcole/sparkswillfly.html
Lil Niggaz (Snippet),/lyrics/jcole/lilniggazsnippet.html
Revenge Of The Dreamers,/lyrics/jcole/revengeofthedreamers.html
Blowin' Smoke,/lyrics/jcole/blowinsmoke.html
Bitchez,/lyrics/jcole/bitchez.html
Crooked Smile (Original),/lyrics/jcole/crookedsmileoriginal.html
Intro,/lyrics/jcole/intro396026.html
January 28th,/lyrics/jcole/january28th.html
Wet Dreamz,/lyrics/jcole/wetdreamz.html
'03 Adolescence,/lyrics/jcole/03adolescence.html
A Tale Of 2 Citiez,/lyrics/jcole/ataleof2citiez.html
Fire Squad,/lyrics/jcole/firesquad.html
St. Tropez,/lyrics/jcole/sttropez.html
G.O.M.D.,/lyrics/jcole/gomd.html
No Role Modelz,/lyrics/jcole/norolemodelz.html
Hello,/lyrics/jcole/hello.html
Apparently,/lyrics/jcole/apparently.html
Love Yourz,/lyrics/jcole/loveyourz.html
Note To Self,/lyrics/jcole/notetoself.html
For Whom The Bell Tolls,/lyrics/jcole/forwhomthebelltolls.html
Immortal,/lyrics/jcole/immortal.html
Deja Vu,/lyrics/jcole/dejavu.html
Ville Mentality,/lyrics/jcole/villementality.html
"She's Mine, Pt. 1",/lyrics/jcole/shesminept1.html
Change,/lyrics/jcole/change.html
Neighbors,/lyrics/jcole/neighbors.html
Foldin Clothes,/lyrics/jcole/foldinclothes.html
"She's Mine, Pt. 2",/lyrics/jcole/shesminept2.html
4 Your Eyez Only,/lyrics/jcole/4youreyezonly.html
Intro,/lyrics/jcole/intro642265.html
K.O.D.,/lyrics/jcole/kod.html
Photograph,/lyrics/jcole/photograph.html
The Cut Off,/lyrics/jcole/thecutoff.html
ATM,/lyrics/jcole/atm.html
Motiv8,/lyrics/jcole/motiv8.html
Kevin's Heart,/lyrics/jcole/kevinsheart.html
BRACKETS,/lyrics/jcole/brackets.html
Once An Addict (Interlude),/lyrics/jcole/onceanaddictinterlude.html
FRIENDS,/lyrics/jcole/friends.html
Window Pain (Outro),/lyrics/jcole/windowpainoutro.html
"1985 (Intro To ""The Fall Offâ)",/lyrics/jcole/1985introtothefalloff.html
Under The Sun,/lyrics/jcole/underthesun.html
Down Bad,https://www.azlyrics.com/lyrics/dreamville/downbad.html
LamboTruck,https://www.azlyrics.com/lyrics/dreamville/lambotruck.html
Swivel,https://www.azlyrics.com/lyrics/earthgang/swivel.html
Oh Wow...Swerve,/lyrics/jcole/ohwowswerve.html
Don't Hit Me Right Now,/lyrics/jcole/donthitmerightnow.html
Wells Fargo,/lyrics/jcole/wellsfargo.html
Sleep Deprived,/lyrics/jcole/sleepdeprived.html
Self Love,/lyrics/jcole/selflove.html
"Ladies, Ladies, Ladies",/lyrics/jcole/ladiesladiesladies.html
Costa Rica,https://www.azlyrics.com/lyrics/dreamville/costarica.html
1993,/lyrics/jcole/1993.html
Rembrandt... Run It Back,/lyrics/jcole/rembrandtrunitback.html
Sunset,/lyrics/jcole/sunset.html
MIDDLE CHILD,/lyrics/jcole/middlechild.html
PTSD,/lyrics/jcole/ptsd.html
Sacrifices,/lyrics/jcole/sacrifices.html
Big Black Truck(Director's Cut Bonus Track),https://www.azlyrics.com/lyrics/dreamville/bigblacktruck.html
Still Up(Director's Cut Bonus Track),https://www.azlyrics.com/lyrics/dreamville/stillup.html
Outta Pocket(Director's Cut Bonus Track),https://www.azlyrics.com/lyrics/dreamville/outtapocket.html
Late Night(Director's Cut Bonus Track),https://www.azlyrics.com/lyrics/dreamville/latenight.html
Spin Move(Director's Cut Bonus Track),https://www.azlyrics.com/lyrics/dreamville/spinmove.html
BUSSIT(Director's Cut Bonus Track),https://www.azlyrics.com/lyrics/dreamville/bussit.html
Passcode(Director's Cut Bonus Track),https://www.azlyrics.com/lyrics/dreamville/passcode.html
Up Up Away(Director's Cut Bonus Track),https://www.azlyrics.com/lyrics/dreamville/upupaway.html
No Chorus(Director's Cut Bonus Track),https://www.azlyrics.com/lyrics/dreamville/nochorus.html
Disgusted(Director's Cut Bonus Track),https://www.azlyrics.com/lyrics/dreamville/disgusted.html
Revenge(Director's Cut Bonus Track),https://www.azlyrics.com/lyrics/dreamville/revenge.html
Still Dreamin(Director's Cut Bonus Track),https://www.azlyrics.com/lyrics/dreamville/stilldreamin.html
9 5 . s o u t h,/lyrics/jcole/95south.html
a m a r i,/lyrics/jcole/amari.html
m y . l i f e,/lyrics/jcole/mylife.html
a p p l y i n g . p r e s s u r e,/lyrics/jcole/applyingpressure.html
p u n c h i n ' . t h e . c l o c k,/lyrics/jcole/punchintheclock.html
1 0 0 . m i l ',/lyrics/jcole/100mil.html
p r i d e . i s . t h e . d e v i l,/lyrics/jcole/prideisthedevil.html
l e t . g o . m y . h a n d,/lyrics/jcole/letgomyhand.html
i n t e r l u d e,/lyrics/jcole/interlude2021.html
t h e . c l i m b . b a c k,/lyrics/jcole/theclimbback.html
c l o s e,/lyrics/jcole/close.html
h u n g e r . o n . h i l l s i d e,/lyrics/jcole/hungeronhillside.html
Album Of The Year (Freestyle),/lyrics/jcole/albumoftheyearfreestyle.html
Be Free,/lyrics/jcole/befree.html
Be Free (Remix),/lyrics/jcole/befreeremix.html
Black Friday,/lyrics/jcole/blackfriday.html
"Caged Bird(from ""Revenge of the Dreamers II"" compilation)",/lyrics/jcole/cagedbird.html
Cheer Up,/lyrics/jcole/cheerup.html
Cosmic Kev Freestyle,/lyrics/jcole/cosmickevfreestyle.html
Drank In My Cup Freestyle,/lyrics/jcole/drankinmycupfreestyle.html
Everybody Dies,/lyrics/jcole/everybodydies.html
False Prophets (Be Like This),/lyrics/jcole/falseprophetsbelikethis.html
"Folgers Crystals(from ""Revenge of the Dreamers II"" compilation)",/lyrics/jcole/folgerscrystals.html
Freedom Of Speech,https://www.azlyrics.com/lyrics/dreamville/freedomofspeech.html
Get Free Coleworld,/lyrics/jcole/getfreecoleworld.html
Grew Up Fast,/lyrics/jcole/grewupfast.html
Heaven's EP,/lyrics/jcole/heavensep.html
High For Hours,/lyrics/jcole/highforhours.html
I'm A Fool,/lyrics/jcole/imafool.html
I'm Coming Home,/lyrics/jcole/imcominghome.html
I'm On It,/lyrics/jcole/imonit.html
It Won't Be Long,/lyrics/jcole/itwontbelong.html
Johnny P's Caddy,https://www.azlyrics.com/lyrics/bennythebutcher/johnnypscaddy.html
LA Leakers Freestyle #108,/lyrics/jcole/laleakersfreestyle108.html
Let Nas Down (Remix),/lyrics/jcole/letnasdownremix.html
Lion King On Ice,/lyrics/jcole/lionkingonice.html
Maine On Fire,/lyrics/jcole/maineonfire.html
May The Bitter Man Win,/lyrics/jcole/maythebittermanwin.html
Nothing Lasts Forever,/lyrics/jcole/nothinglastsforever.html
on the street,https://www.azlyrics.com/lyrics/jhope/onthestreet.html
Pass Me By,/lyrics/jcole/passmeby.html
Passport Bros,https://www.azlyrics.com/lyrics/bas/passportbros.html
Problems,/lyrics/jcole/problems.html
procrastination (broke),/lyrics/jcole/procrastinationbroke.html
Purple Rain,/lyrics/jcole/purplerain.html
Relaxation,/lyrics/jcole/relaxation.html
Shea Butter Baby,https://www.azlyrics.com/lyrics/mikewillmadeit/sheabutterbaby.html
Show Me Something,/lyrics/jcole/showmesomething.html
Snow On Tha Bluff,/lyrics/jcole/snowonthabluff.html
Stick,https://www.azlyrics.com/lyrics/dreamville/stick.html
The Cure,/lyrics/jcole/thecure.html
The Plan,/lyrics/jcole/theplan.html
The Storm,/lyrics/jcole/thestorm.html
Tidal Wave (just a little reference),/lyrics/jcole/tidalwavejustalittlereference.html
True Love,/lyrics/jcole/truelove.html
Visionz Of Home,/lyrics/jcole/visionzofhome.html
We On,/lyrics/jcole/weon.html
Your Heart,https://www.azlyrics.com/lyrics/joynerlucas/yourheart.html
